id,q1,q2,percentage,initial,exact_n0,num_generations,min_population,max_population,population_decrease_degree,min_granularity,max_granularity,granularity_increase_degree,seed,mutation_multiplier,crossover_multiplier,time,exponent,explicit_bound,n0,i
6,n,-n,0.5,1000.0,False,50,20,100,1.0,200,200,1.0,448,5,2,1095788.127808,-1.057989471577847,,,0
9,n**2+20,-n**2+20,0.5,1000.0,False,50,100,100,1.0,200,200,1.0,1046,5,2,1925793.604477,-1.7532260919100826,,,0
1,n**(1/2),-n**(1/2),0.5,100.0,False,50,20,100,1.0,50,200,1.0,208,5,2,565570.274722,-0.699948134109729,,,0
0,n**(1/4),-n**(1/4),0.5,100.0,False,50,20,100,1.0,50,50,1.0,6,5,2,132707.606491,-0.45337161789506875,,,0
8,n**2+2*n+20,-n**2+2*n+20,0.5,1000.0,False,50,100,100,1.0,50,200,1.0,848,5,2,1212450.673083,-1.7380517807509435,,,0
14,n**3/0.5,n**3/0.5,0.5,100000000.0,False,50,20,100,1.0,200,200,1.0,530,5,2,1274078.7402,-2.4226785212472324,,,0
7,n,-n,0.5,10000.0,False,50,100,100,1.0,50,50,1.0,646,5,2,218557.86614,-0.9068706944179085,,,0
20,n**3/0.999,-n**3/0.001,0.999,100000000.0,False,50,100,100,1.0,50,50,1.0,746,5,2,250279.315447,-0.9322511195557938,,,0
13,n**3,-n**3,0.5,100000000.0,False,50,20,100,1.0,50,200,1.0,330,5,2,572670.914522,-2.4279428920278208,,,0
2,n,-n,0.5,100.0,False,50,20,100,1.0,200,200,1.0,402,5,2,1062847.428762,-1.057675945382884,,,0
5,n,-n,0.5,10.0,False,50,20,100,1.0,50,200,1.0,242,5,2,584328.703104,-1.0438155816065462,,,0
22,n**3/0.9999,-n**3/0.0001,0.9999,100000000.0,False,50,20,100,1.0,50,200,1.0,372,5,2,551170.476476,-0.7696275327030604,,,0
4,n**5,-n**5,0.5,100.0,False,50,20,100,1.0,50,50,1.0,44,5,2,139137.779103,-3.3232698608349778,,,0
3,n**2,-n**2,0.5,100.0,False,50,100,100,1.0,50,50,1.0,604,5,2,213543.33265,-1.5111969732540602,,,0
1,n**(1/2),-n**(1/2),0.5,100.0,False,50,100,100,1.0,200,200,1.0,970,5,2,1810833.335899,-0.7033854283659674,,,0
12,1000000*n,-1000000*n,0.5,100000000.0,False,50,100,100,1.0,50,200,1.0,886,5,2,1221862.369274,-1.0423435384661628,,,0
13,n**3,-n**3,0.5,100000000.0,False,50,100,100,1.0,200,200,1.0,1088,5,2,1889787.685219,-2.4589504125869937,,,0
8,n**2+2*n+20,-n**2+2*n+20,0.5,1000.0,False,50,20,100,1.0,50,50,1.0,90,5,2,138726.296401,-1.5097509952210242,,,0
16,n**3/0.9,-n**3/0.1,0.9,100000000.0,False,50,100,100,1.0,50,200,1.0,914,5,2,1171852.661086,-2.2596062159411012,,,0
18,n**3/0.99,-n**3/0.01,0.99,100000000.0,False,50,20,100,1.0,200,200,1.0,544,5,2,1279598.723227,-1.7956311134771936,,,0
8,n**2+2*n+20,-n**2+2*n+20,0.5,1000.0,False,50,20,100,1.0,50,200,1.0,280,5,2,585244.143932,-1.7263279761513453,,,0
13,n**3,-n**3,0.5,100000000.0,False,50,100,100,1.0,50,200,1.0,898,5,2,1183164.058332,-2.4420162874641878,,,0
12,1000000*n,-1000000*n,0.5,100000000.0,False,50,100,100,1.0,200,200,1.0,1076,5,2,2162021.68027,-1.0287363965463867,,,0
1,n**(1/2),-n**(1/2),0.5,100.0,False,50,100,100,1.0,50,200,1.0,780,5,2,1224589.270575,-0.6971582327221207,,,0
18,n**3/0.99,-n**3/0.01,0.99,100000000.0,False,50,100,100,1.0,50,50,1.0,734,5,2,259759.344314,-1.488277594108621,,,0
16,n**3/0.9,-n**3/0.1,0.9,100000000.0,False,50,100,100,1.0,200,200,1.0,1104,5,2,1856881.535986,-2.2745573485184525,,,0
20,n**3/0.999,-n**3/0.001,0.999,100000000.0,False,50,20,100,1.0,200,200,1.0,556,5,2,1167198.512937,-1.1843273687251574,,,0
7,n,-n,0.5,10000.0,False,50,20,100,1.0,200,200,1.0,456,5,2,1108950.284903,-1.0572105857108614,,,0
13,n**3,-n**3,0.5,100000000.0,False,50,20,100,1.0,50,50,1.0,140,5,2,139147.389675,-2.1131415263556916,,,0
8,n**2+2*n+20,-n**2+2*n+20,0.5,1000.0,False,50,100,100,1.0,200,200,1.0,1038,5,2,1801402.421309,-1.7616808446803858,,,0
0,n**(1/4),-n**(1/4),0.5,100.0,False,50,20,100,1.0,50,200,1.0,196,5,2,574574.68965,-0.5243631220766071,,,0
14,n**3/0.5,n**3/0.5,0.5,100000000.0,False,50,100,100,1.0,50,50,1.0,720,5,2,224131.169947,-2.1121955233179213,,,0
1,n**(1/2),-n**(1/2),0.5,100.0,False,50,20,100,1.0,50,50,1.0,18,5,2,138946.799054,-0.6043271308040293,,,0
9,n**2+20,-n**2+20,0.5,1000.0,False,50,100,100,1.0,50,200,1.0,856,5,2,1255883.959425,-1.7389844665426184,,,0
6,n,-n,0.5,1000.0,False,50,100,100,1.0,50,50,1.0,638,5,2,211861.519118,-0.9055283906278174,,,0
3,n**2,-n**2,0.5,100.0,False,50,20,100,1.0,200,200,1.0,414,5,2,1245077.43934,-1.7372288494758497,,,0
4,n**5,-n**5,0.5,100.0,False,50,20,100,1.0,50,200,1.0,234,5,2,590669.724315,-3.6473018682852762,,,0
22,n**3/0.9999,-n**3/0.0001,0.9999,100000000.0,False,50,20,100,1.0,50,50,1.0,182,5,2,139269.964506,-0.5632449299730286,,,0
5,n,-n,0.5,10.0,False,50,20,100,1.0,50,50,1.0,52,5,2,135112.398035,-0.9031671414980031,,,0
2,n,-n,0.5,100.0,False,50,100,100,1.0,50,50,1.0,592,5,2,229373.91898,-0.90610665982862,,,0
11,n**3+1000000*n,-n**3-1000000*n,0.5,100000000.0,False,50,100,100,1.0,50,200,1.0,874,5,2,1263838.395122,-2.391298692767547,,,0
18,n**3/0.99,-n**3/0.01,0.99,100000000.0,False,50,20,100,1.0,50,200,1.0,354,5,2,569848.615091,-1.7756913149587619,,,0
10,n**2+n,-n**2+n,0.5,1000.0,False,50,100,100,1.0,200,200,1.0,1052,5,2,2072251.3022,-1.749616244335829,,,0
6,n,-n,0.5,1000.0,False,50,100,100,1.0,200,200,1.0,1020,5,2,1702315.614727,-1.0587849666883522,,,0
14,n**3/0.5,n**3/0.5,0.5,100000000.0,False,50,100,100,1.0,200,200,1.0,1098,5,2,1804900.431767,-2.4666286886346698,,,0
8,n**2+2*n+20,-n**2+2*n+20,0.5,1000.0,False,50,100,100,1.0,50,50,1.0,660,5,2,210973.266082,-1.5104492110130492,,,0
2,n,-n,0.5,100.0,False,50,20,100,1.0,50,200,1.0,212,5,2,576202.082028,-1.0408841526738046,,,0
22,n**3/0.9999,-n**3/0.0001,0.9999,100000000.0,False,50,20,100,1.0,200,200,1.0,562,5,2,1178566.841267,-0.7735764975787244,,,0
5,n,-n,0.5,10.0,False,50,20,100,1.0,200,200,1.0,432,5,2,1206871.878112,-1.046540819910931,,,0
4,n**5,-n**5,0.5,100.0,False,50,100,100,1.0,50,50,1.0,614,5,2,218678.484317,-3.3244424842521285,,,0
3,n**2,-n**2,0.5,100.0,False,50,20,100,1.0,50,50,1.0,34,5,2,142482.945681,-1.5103839297621426,,,0
6,n,-n,0.5,1000.0,False,50,20,100,1.0,50,200,1.0,258,5,2,586468.700419,-1.050509654076483,,,0
1,n**(1/2),-n**(1/2),0.5,100.0,False,50,20,100,1.0,200,200,1.0,398,5,2,1035308.171966,-0.7059251370240761,,,0
14,n**3/0.5,n**3/0.5,0.5,100000000.0,False,50,20,100,1.0,50,200,1.0,340,5,2,591690.165328,-2.3773643767679604,,,0
0,n**(1/4),-n**(1/4),0.5,100.0,False,50,100,100,1.0,50,50,1.0,576,5,2,216969.642675,-0.453405502950088,,,0
13,n**3,-n**3,0.5,100000000.0,False,50,20,100,1.0,200,200,1.0,520,5,2,1287946.302988,-2.3980340817524617,,,0
20,n**3/0.999,-n**3/0.001,0.999,100000000.0,False,50,20,100,1.0,50,50,1.0,176,5,2,146124.230329,-0.8549408020833383,,,0
7,n,-n,0.5,10000.0,False,50,20,100,1.0,50,50,1.0,76,5,2,134556.856736,-0.90648442408382,,,0
3,n**2,-n**2,0.5,100.0,False,50,20,100,1.0,50,200,1.0,224,5,2,564990.46055,-1.7421368127982402,,,0
4,n**5,-n**5,0.5,100.0,False,50,20,100,1.0,200,200,1.0,424,5,2,1254422.868854,-3.812660902997234,,,0
5,n,-n,0.5,10.0,False,50,100,100,1.0,50,50,1.0,622,5,2,221013.069682,-0.9066621509996238,,,0
22,n**3/0.9999,-n**3/0.0001,0.9999,100000000.0,False,50,100,100,1.0,50,50,1.0,752,5,2,243700.47698,-0.5689259312749183,,,0
2,n,-n,0.5,100.0,False,50,20,100,1.0,50,50,1.0,22,5,2,134326.251404,-0.9061587242360263,,,0
13,n**3,-n**3,0.5,100000000.0,False,50,100,100,1.0,50,50,1.0,710,5,2,224562.181038,-2.115649271284002,,,0
7,n,-n,0.5,10000.0,False,50,20,100,1.0,50,200,1.0,266,5,2,593007.669035,-1.028144779080791,,,0
20,n**3/0.999,-n**3/0.001,0.999,100000000.0,False,50,20,100,1.0,50,200,1.0,366,5,2,548306.049971,-1.165700121000281,,,0
14,n**3/0.5,n**3/0.5,0.5,100000000.0,False,50,20,100,1.0,50,50,1.0,150,5,2,134241.560764,-2.115943261044627,,,0
0,n**(1/4),-n**(1/4),0.5,100.0,False,50,20,100,1.0,200,200,1.0,386,5,2,1085604.621536,-0.5294042376181536,,,0
1,n**(1/2),-n**(1/2),0.5,100.0,False,50,100,100,1.0,50,50,1.0,588,5,2,220107.454689,-0.6045729476117813,,,0
6,n,-n,0.5,1000.0,False,50,20,100,1.0,50,50,1.0,68,5,2,139701.814161,-0.9062647070983649,,,0
10,n**2+n,-n**2+n,0.5,1000.0,False,50,100,100,1.0,50,200,1.0,862,5,2,1233893.83391,-1.7234246897520202,,,0
18,n**3/0.99,-n**3/0.01,0.99,100000000.0,False,50,20,100,1.0,50,50,1.0,164,5,2,154102.403214,-1.4979377972258,,,0
11,n**3+1000000*n,-n**3-1000000*n,0.5,100000000.0,False,50,100,100,1.0,200,200,1.0,1064,5,2,1941827.826041,-2.442852507963608,,,0
14,n**3/0.5,n**3/0.5,0.5,100000000.0,False,50,100,100,1.0,50,200,1.0,908,5,2,1230305.452649,-2.430078217118023,,,0
8,n**2+2*n+20,-n**2+2*n+20,0.5,1000.0,False,50,20,100,1.0,200,200,1.0,470,5,2,1098903.787934,-1.7644802743967973,,,0
6,n,-n,0.5,1000.0,False,50,100,100,1.0,50,200,1.0,830,5,2,1241730.863733,-1.0442464864070713,,,0
8,n**2+2*n+20,-n**2+2*n+20,0.5,1000.0,False,50,100,100,1.0,50,50,1.0,658,5,2,204353.536135,-1.5056418395394604,,,0
14,n**3/0.5,n**3/0.5,0.5,100000000.0,False,50,100,100,1.0,200,200,1.0,1100,5,2,2192088.960912,-2.421614436790925,,,0
7,n,-n,0.5,10000.0,False,50,100,100,1.0,50,200,1.0,836,5,2,1227165.064109,-1.0445343319999478,,,0
20,n**3/0.999,-n**3/0.001,0.999,100000000.0,False,50,100,100,1.0,50,200,1.0,936,5,2,1127045.270702,-1.1740368555814205,,,0
6,n,-n,0.5,1000.0,False,50,100,100,1.0,200,200,1.0,1018,5,2,1695342.463408,-1.0596305440838945,,,0
9,n**2+20,-n**2+20,0.5,1000.0,False,50,20,100,1.0,200,200,1.0,476,5,2,1284208.54896,-1.7093450924876392,,,0
3,n**2,-n**2,0.5,100.0,False,50,100,100,1.0,50,200,1.0,794,5,2,1224833.1864,-1.7556925053670684,,,0
2,n,-n,0.5,100.0,False,50,100,100,1.0,200,200,1.0,972,5,2,1942707.907274,-1.0530575117007666,,,0
13,n**3,-n**3,0.5,100000000.0,False,50,20,100,1.0,200,200,1.0,518,5,2,1175503.241536,-2.460380961658055,,,0
14,n**3/0.5,n**3/0.5,0.5,100000000.0,False,50,20,100,1.0,50,200,1.0,338,5,2,602307.318572,-2.42234547052169,,,0
1,n**(1/2),-n**(1/2),0.5,100.0,False,50,20,100,1.0,200,200,1.0,400,5,2,1181511.606152,-0.7007493910224132,,,0
12,1000000*n,-1000000*n,0.5,100000000.0,False,50,100,100,1.0,50,50,1.0,696,5,2,211895.923785,-0.9002845126849428,,,0
6,n,-n,0.5,1000.0,False,50,20,100,1.0,50,200,1.0,260,5,2,588904.036478,-1.0356381361002132,,,0
10,n**2+n,-n**2+n,0.5,1000.0,False,50,20,100,1.0,50,200,1.0,292,5,2,564384.07415,-1.7407739469964274,,,0
18,n**3/0.99,-n**3/0.01,0.99,100000000.0,False,50,100,100,1.0,200,200,1.0,1114,5,2,2102653.796655,-1.7085187782418871,,,0
11,n**3+1000000*n,-n**3-1000000*n,0.5,100000000.0,False,50,20,100,1.0,50,50,1.0,114,5,2,137256.053099,-2.1156366288341486,,,0
16,n**3/0.9,-n**3/0.1,0.9,100000000.0,False,50,100,100,1.0,50,50,1.0,724,5,2,224376.905048,-1.9164856033737934,,,0
12,1000000*n,-1000000*n,0.5,100000000.0,False,50,20,100,1.0,200,200,1.0,506,5,2,1144302.246561,-1.0569476572712557,,,0
6,n,-n,0.5,1000.0,False,50,20,100,1.0,50,50,1.0,70,5,2,135457.242466,-0.906168977861364,,,0
1,n**(1/2),-n**(1/2),0.5,100.0,False,50,100,100,1.0,50,50,1.0,590,5,2,216166.455474,-0.6043708611757986,,,0
14,n**3/0.5,n**3/0.5,0.5,100000000.0,False,50,20,100,1.0,50,50,1.0,148,5,2,129264.827882,-2.111885799656104,,,0
13,n**3,-n**3,0.5,100000000.0,False,50,100,100,1.0,50,50,1.0,708,5,2,213827.602849,-2.11557958278125,,,0
16,n**3/0.9,-n**3/0.1,0.9,100000000.0,False,50,20,100,1.0,200,200,1.0,534,5,2,1087431.206656,-2.2813059149255075,,,0
11,n**3+1000000*n,-n**3-1000000*n,0.5,100000000.0,False,50,20,100,1.0,50,200,1.0,304,5,2,565000.376605,-2.438923139720147,,,0
18,n**3/0.99,-n**3/0.01,0.99,100000000.0,False,50,100,100,1.0,50,200,1.0,924,5,2,1111458.005707,-1.8162205946703107,,,0
10,n**2+n,-n**2+n,0.5,1000.0,False,50,20,100,1.0,50,50,1.0,102,5,2,130772.515471,-1.5063363634332452,,,0
9,n**2+20,-n**2+20,0.5,1000.0,False,50,100,100,1.0,50,50,1.0,666,5,2,215914.840469,-1.5110758412746998,,,0
6,n,-n,0.5,1000.0,False,50,100,100,1.0,50,200,1.0,828,5,2,1228149.258213,-1.0386673998244087,,,0
20,n**3/0.999,-n**3/0.001,0.999,100000000.0,False,50,100,100,1.0,200,200,1.0,1126,5,2,1990438.765257,-1.1869626477240025,,,0
7,n,-n,0.5,10000.0,False,50,100,100,1.0,200,200,1.0,1026,5,2,2148732.903777,-1.0303073754534902,,,0
8,n**2+2*n+20,-n**2+2*n+20,0.5,1000.0,False,50,20,100,1.0,200,200,1.0,468,5,2,1273070.185122,-1.7442977864327882,,,0
14,n**3/0.5,n**3/0.5,0.5,100000000.0,False,50,100,100,1.0,50,200,1.0,910,5,2,1251257.76721,-2.450730433348046,,,0
2,n,-n,0.5,100.0,False,50,100,100,1.0,50,200,1.0,782,5,2,1193472.846927,-1.0475920860330459,,,0
3,n**2,-n**2,0.5,100.0,False,50,100,100,1.0,200,200,1.0,984,5,2,2058023.207956,-1.7469197575716158,,,0
10,n**2+n,-n**2+n,0.5,1000.0,False,50,20,100,1.0,200,200,1.0,482,5,2,1229550.369359,-1.7387264023105795,,,0
11,n**3+1000000*n,-n**3-1000000*n,0.5,100000000.0,False,50,100,100,1.0,50,50,1.0,684,5,2,213899.353397,-2.091094892001565,,,0
16,n**3/0.9,-n**3/0.1,0.9,100000000.0,False,50,20,100,1.0,50,50,1.0,154,5,2,137371.48669,-1.9168583394977867,,,0
13,n**3,-n**3,0.5,100000000.0,False,50,20,100,1.0,50,200,1.0,328,5,2,581455.698905,-2.4238509820265013,,,0
14,n**3/0.5,n**3/0.5,0.5,100000000.0,False,50,20,100,1.0,200,200,1.0,528,5,2,1254927.550479,-2.424391921808172,,,0
8,n**2+2*n+20,-n**2+2*n+20,0.5,1000.0,False,50,100,100,1.0,50,200,1.0,850,5,2,1233533.388304,-1.7386965911304701,,,0
1,n**(1/2),-n**(1/2),0.5,100.0,False,50,20,100,1.0,50,200,1.0,210,5,2,580289.378631,-0.6931149389054958,,,0
6,n,-n,0.5,1000.0,False,50,20,100,1.0,200,200,1.0,450,5,2,1098785.363599,-1.0576870133734597,,,0
12,1000000*n,-1000000*n,0.5,100000000.0,False,50,20,100,1.0,50,50,1.0,126,5,2,130150.066025,-0.9061041432393183,,,0
4,n**5,-n**5,0.5,100.0,False,50,100,100,1.0,50,200,1.0,804,5,2,1214667.812312,-3.833671368097967,,,0
22,n**3/0.9999,-n**3/0.0001,0.9999,100000000.0,False,50,100,100,1.0,200,200,1.0,1132,5,2,1841511.036632,-0.7777599568847884,,,0
5,n,-n,0.5,10.0,False,50,100,100,1.0,200,200,1.0,1002,5,2,1988831.652597,-1.0454775588114515,,,0
8,n**2+2*n+20,-n**2+2*n+20,0.5,1000.0,False,50,20,100,1.0,50,50,1.0,88,5,2,137797.233431,-1.5078916022481745,,,0
0,n**(1/4),-n**(1/4),0.5,100.0,False,50,100,100,1.0,50,200,1.0,766,5,2,1235884.753899,-0.52404919777847,,,0
13,n**3,-n**3,0.5,100000000.0,False,50,100,100,1.0,200,200,1.0,1090,5,2,1703909.750884,-2.4732503297459836,,,0
1,n**(1/2),-n**(1/2),0.5,100.0,False,50,100,100,1.0,200,200,1.0,968,5,2,1705715.6419,-0.7064534992793771,,,0
9,n**2+20,-n**2+20,0.5,1000.0,False,50,20,100,1.0,50,200,1.0,286,5,2,575890.927671,-1.7488110351078776,,,0
5,n,-n,0.5,10.0,False,50,100,100,1.0,50,200,1.0,812,5,2,1205497.468683,-1.040391917795513,,,0
22,n**3/0.9999,-n**3/0.0001,0.9999,100000000.0,False,50,100,100,1.0,50,200,1.0,942,5,2,1122188.124243,-0.7766346897478889,,,0
4,n**5,-n**5,0.5,100.0,False,50,100,100,1.0,200,200,1.0,994,5,2,1676606.83958,-3.875220686861318,,,0
9,n**2+20,-n**2+20,0.5,1000.0,False,50,20,100,1.0,50,50,1.0,96,5,2,145398.906002,-1.5061174787780431,,,0
1,n**(1/2),-n**(1/2),0.5,100.0,False,50,100,100,1.0,50,200,1.0,778,5,2,1227792.768927,-0.6949889690471587,,,0
13,n**3,-n**3,0.5,100000000.0,False,50,100,100,1.0,50,200,1.0,900,5,2,1219892.529681,-2.4517951551194814,,,0
0,n**(1/4),-n**(1/4),0.5,100.0,False,50,100,100,1.0,200,200,1.0,956,5,2,1829315.020344,-0.5262375181561108,,,0
8,n**2+2*n+20,-n**2+2*n+20,0.5,1000.0,False,50,20,100,1.0,50,200,1.0,278,5,2,588990.222164,-1.710168215169241,,,0
16,n**3/0.9,-n**3/0.1,0.9,100000000.0,False,50,20,100,1.0,50,200,1.0,344,5,2,573679.294861,-2.2364434200779897,,,0
11,n**3+1000000*n,-n**3-1000000*n,0.5,100000000.0,False,50,20,100,1.0,200,200,1.0,494,5,2,1155817.827593,-2.4643827561015232,,,0
10,n**2+n,-n**2+n,0.5,1000.0,False,50,100,100,1.0,50,50,1.0,672,5,2,212727.217771,-1.5110307053082022,,,0
6,n,-n,0.5,1000.0,False,50,100,100,1.0,50,50,1.0,640,5,2,218997.010066,-0.9068106201785775,,,0
12,1000000*n,-1000000*n,0.5,100000000.0,False,50,20,100,1.0,50,200,1.0,316,5,2,572735.502628,-1.0516766684170067,,,0
1,n**(1/2),-n**(1/2),0.5,100.0,False,50,20,100,1.0,50,50,1.0,20,5,2,136168.233091,-0.6043132981627497,,,0
14,n**3/0.5,n**3/0.5,0.5,100000000.0,False,50,100,100,1.0,50,50,1.0,718,5,2,224039.320731,-2.1149676732365625,,,0
8,n**2+2*n+20,-n**2+2*n+20,0.5,1000.0,False,50,100,100,1.0,200,200,1.0,1040,5,2,1848169.996682,-1.7563492907918792,,,0
13,n**3,-n**3,0.5,100000000.0,False,50,20,100,1.0,50,50,1.0,138,5,2,139095.618628,-2.1159476668388932,,,0
18,n**3/0.99,-n**3/0.01,0.99,100000000.0,False,50,100,100,1.0,50,50,1.0,738,5,2,250501.651525,-1.5005427911942029,,,0
4,n**5,-n**5,0.5,100.0,False,50,100,100,1.0,200,200,1.0,1000,5,2,1965825.753204,-3.8602341924604526,,,0
16,n**3/0.9,-n**3/0.1,0.9,100000000.0,False,50,100,100,1.0,200,200,1.0,1108,5,2,1766329.390462,-2.281279045440262,,,0
13,n**3,-n**3,0.5,100000000.0,False,50,100,100,1.0,50,200,1.0,894,5,2,1203594.843285,-2.434989277250963,,,0
12,1000000*n,-1000000*n,0.5,100000000.0,False,50,100,100,1.0,200,200,1.0,1072,5,2,2075412.442198,-1.0370320633039092,,,0
4,n**5,-n**5,0.5,100.0,False,50,20,100,1.0,50,200,1.0,238,5,2,581790.960312,-3.8233278664252075,,,0
3,n**2,-n**2,0.5,100.0,False,50,20,100,1.0,200,200,1.0,418,5,2,1187799.182036,-1.7470750529278454,,,0
2,n,-n,0.5,100.0,False,50,100,100,1.0,50,50,1.0,596,5,2,218533.750541,-0.9054998534242963,,,0
16,n**3/0.9,-n**3/0.1,0.9,100000000.0,False,50,20,100,1.0,50,200,1.0,350,5,2,577507.943883,-2.2287155553286926,,,0
22,n**3/0.9999,-n**3/0.0001,0.9999,100000000.0,False,50,20,100,1.0,50,50,1.0,186,5,2,143339.519073,-0.564229725625713,,,0
5,n,-n,0.5,10.0,False,50,20,100,1.0,50,50,1.0,56,5,2,138005.002924,-0.9055260303041437,,,0
11,n**3+1000000*n,-n**3-1000000*n,0.5,100000000.0,False,50,20,100,1.0,200,200,1.0,500,5,2,1103501.56564,-2.4681757752607245,,,0
8,n**2+2*n+20,-n**2+2*n+20,0.5,1000.0,False,50,100,100,1.0,200,200,1.0,1034,5,2,1904218.627827,-1.7590654154687289,,,0
0,n**(1/4),-n**(1/4),0.5,100.0,False,50,20,100,1.0,50,200,1.0,192,5,2,622870.732456,-0.5206765108512664,,,0
20,n**3/0.999,-n**3/0.001,0.999,100000000.0,False,50,20,100,1.0,200,200,1.0,552,5,2,1146260.609816,-1.1822525404631838,,,0
7,n,-n,0.5,10000.0,False,50,20,100,1.0,200,200,1.0,452,5,2,1129065.251199,-1.0589216156893673,,,0
6,n,-n,0.5,1000.0,False,50,100,100,1.0,50,50,1.0,634,5,2,221377.083285,-0.904916396364871,,,0
1,n**(1/2),-n**(1/2),0.5,100.0,False,50,20,100,1.0,50,50,1.0,14,5,2,146583.686225,-0.602721608576418,,,0
9,n**2+20,-n**2+20,0.5,1000.0,False,50,100,100,1.0,50,200,1.0,852,5,2,1231077.287092,-1.744239937469693,,,0
5,n,-n,0.5,10.0,False,50,20,100,1.0,50,200,1.0,246,5,2,612470.958551,-1.0413706119026098,,,0
22,n**3/0.9999,-n**3/0.0001,0.9999,100000000.0,False,50,20,100,1.0,50,200,1.0,376,5,2,541733.991764,-0.7726540258703152,,,0
11,n**3+1000000*n,-n**3-1000000*n,0.5,100000000.0,False,50,100,100,1.0,50,50,1.0,690,5,2,215953.567286,-2.1130770826508827,,,0
2,n,-n,0.5,100.0,False,50,20,100,1.0,200,200,1.0,406,5,2,1200328.674788,-1.0582501386871637,,,0
16,n**3/0.9,-n**3/0.1,0.9,100000000.0,False,50,20,100,1.0,50,50,1.0,160,5,2,142181.671391,-1.91675859111579,,,0
3,n**2,-n**2,0.5,100.0,False,50,100,100,1.0,50,50,1.0,608,5,2,273959.758083,-1.5112774085074412,,,0
4,n**5,-n**5,0.5,100.0,False,50,20,100,1.0,50,50,1.0,48,5,2,153952.474465,-3.321428020412256,,,0
9,n**2+20,-n**2+20,0.5,1000.0,False,50,100,100,1.0,200,200,1.0,1042,5,2,1905923.343492,-1.7642081723321512,,,0
1,n**(1/2),-n**(1/2),0.5,100.0,False,50,20,100,1.0,50,200,1.0,204,5,2,654733.605343,-0.6975367866291736,,,0
6,n,-n,0.5,1000.0,False,50,20,100,1.0,200,200,1.0,444,5,2,1318213.314721,-1.047308092951546,,,0
7,n,-n,0.5,10000.0,False,50,100,100,1.0,50,50,1.0,642,5,2,254614.197261,-0.9066535881161497,,,0
20,n**3/0.999,-n**3/0.001,0.999,100000000.0,False,50,100,100,1.0,50,50,1.0,742,5,2,237433.240535,-0.9248393674058757,,,0
0,n**(1/4),-n**(1/4),0.5,100.0,False,50,20,100,1.0,50,50,1.0,2,5,2,167020.188279,-0.44609702693622943,,,0
8,n**2+2*n+20,-n**2+2*n+20,0.5,1000.0,False,50,100,100,1.0,50,200,1.0,844,5,2,1280541.448131,-1.7477853740441425,,,0
16,n**3/0.9,-n**3/0.1,0.9,100000000.0,False,50,100,100,1.0,50,200,1.0,918,5,2,1134636.19365,-2.2543265098519623,,,0
18,n**3/0.99,-n**3/0.01,0.99,100000000.0,False,50,20,100,1.0,200,200,1.0,548,5,2,1302383.344779,-1.7763731162677687,,,0
4,n**5,-n**5,0.5,100.0,False,50,100,100,1.0,50,200,1.0,810,5,2,1332112.057272,-3.8019193477611744,,,0
12,1000000*n,-1000000*n,0.5,100000000.0,False,50,100,100,1.0,50,200,1.0,882,5,2,1263025.94683,-1.0309078485592869,,,0
13,n**3,-n**3,0.5,100000000.0,False,50,100,100,1.0,200,200,1.0,1084,5,2,1870287.249372,-2.464977243001486,,,0
0,n**(1/4),-n**(1/4),0.5,100.0,False,50,20,100,1.0,200,200,1.0,382,5,2,1194352.464646,-0.5237122891380226,,,0
7,n,-n,0.5,10000.0,False,50,20,100,1.0,50,200,1.0,262,5,2,593558.671013,-1.026629639200954,,,0
20,n**3/0.999,-n**3/0.001,0.999,100000000.0,False,50,20,100,1.0,50,200,1.0,362,5,2,560278.7077,-1.1979797433419979,,,0
6,n,-n,0.5,1000.0,False,50,20,100,1.0,50,50,1.0,64,5,2,135921.804664,-0.9045876547900514,,,0
1,n**(1/2),-n**(1/2),0.5,100.0,False,50,100,100,1.0,50,50,1.0,584,5,2,209129.37463,-0.6035906425254639,,,0
4,n**5,-n**5,0.5,100.0,False,50,20,100,1.0,200,200,1.0,428,5,2,1115353.393466,-3.87191402420822,,,0
18,n**3/0.99,-n**3/0.01,0.99,100000000.0,False,50,100,100,1.0,50,200,1.0,930,5,2,1155339.497166,-1.798868074771781,,,0
3,n**2,-n**2,0.5,100.0,False,50,20,100,1.0,50,200,1.0,228,5,2,592178.136277,-1.68551792696814,,,0
16,n**3/0.9,-n**3/0.1,0.9,100000000.0,False,50,20,100,1.0,200,200,1.0,540,5,2,1144175.036441,-2.2749635003864466,,,0
2,n,-n,0.5,100.0,False,50,20,100,1.0,50,50,1.0,26,5,2,143795.037676,-0.89904566737295,,,0
11,n**3+1000000*n,-n**3-1000000*n,0.5,100000000.0,False,50,20,100,1.0,50,200,1.0,310,5,2,574359.883126,-2.4439421606134557,,,0
5,n,-n,0.5,10.0,False,50,100,100,1.0,50,50,1.0,626,5,2,221234.343294,-0.9068178196544264,,,0
22,n**3/0.9999,-n**3/0.0001,0.9999,100000000.0,False,50,100,100,1.0,50,50,1.0,756,5,2,222587.640953,-0.5670111460908005,,,0
14,n**3/0.5,n**3/0.5,0.5,100000000.0,False,50,100,100,1.0,50,200,1.0,904,5,2,1278091.833239,-2.3970305918135617,,,0
3,n**2,-n**2,0.5,100.0,False,50,100,100,1.0,200,200,1.0,990,5,2,1981239.963667,-1.7514922263822195,,,0
10,n**2+n,-n**2+n,0.5,1000.0,False,50,100,100,1.0,50,200,1.0,866,5,2,1209713.91053,-1.743818513255133,,,0
18,n**3/0.99,-n**3/0.01,0.99,100000000.0,False,50,20,100,1.0,50,50,1.0,168,5,2,156018.2341,-1.5005184567042076,,,0
11,n**3+1000000*n,-n**3-1000000*n,0.5,100000000.0,False,50,100,100,1.0,200,200,1.0,1068,5,2,1739757.771199,-2.4705293765461818,,,0
14,n**3/0.5,n**3/0.5,0.5,100000000.0,False,50,100,100,1.0,200,200,1.0,1094,5,2,1967947.873642,-2.4400982045580872,,,0
11,n**3+1000000*n,-n**3-1000000*n,0.5,100000000.0,False,50,100,100,1.0,50,200,1.0,878,5,2,1196978.869262,-2.460841474482581,,,0
18,n**3/0.99,-n**3/0.01,0.99,100000000.0,False,50,20,100,1.0,50,200,1.0,358,5,2,550603.66127,-1.769540546387908,,,0
10,n**2+n,-n**2+n,0.5,1000.0,False,50,100,100,1.0,200,200,1.0,1056,5,2,1784287.877742,-1.7649923573106607,,,0
3,n**2,-n**2,0.5,100.0,False,50,100,100,1.0,50,200,1.0,800,5,2,1234236.055622,-1.7527511594650202,,,0
1,n**(1/2),-n**(1/2),0.5,100.0,False,50,20,100,1.0,200,200,1.0,394,5,2,1155386.422898,-0.7019120429172622,,,0
6,n,-n,0.5,1000.0,False,50,20,100,1.0,50,200,1.0,254,5,2,578454.418331,-1.0470190501013699,,,0
20,n**3/0.999,-n**3/0.001,0.999,100000000.0,False,50,20,100,1.0,50,50,1.0,172,5,2,145398.762845,-0.9440594611079701,,,0
7,n,-n,0.5,10000.0,False,50,20,100,1.0,50,50,1.0,72,5,2,133097.942048,-0.9066888007866986,,,0
0,n**(1/4),-n**(1/4),0.5,100.0,False,50,100,100,1.0,50,50,1.0,572,5,2,241064.688255,-0.4522545672640068,,,0
11,n**3+1000000*n,-n**3-1000000*n,0.5,100000000.0,False,50,20,100,1.0,50,50,1.0,120,5,2,137459.246069,-2.1150153505836298,,,0
22,n**3/0.9999,-n**3/0.0001,0.9999,100000000.0,False,50,20,100,1.0,200,200,1.0,566,5,2,1155809.063974,-0.7760347204294946,,,0
5,n,-n,0.5,10.0,False,50,20,100,1.0,200,200,1.0,436,5,2,1262372.202961,-1.0459886297910765,,,0
16,n**3/0.9,-n**3/0.1,0.9,100000000.0,False,50,100,100,1.0,50,50,1.0,730,5,2,219865.257347,-1.916254368775493,,,0
2,n,-n,0.5,100.0,False,50,20,100,1.0,50,200,1.0,216,5,2,560282.92928,-1.0503513394062174,,,0
3,n**2,-n**2,0.5,100.0,False,50,20,100,1.0,50,50,1.0,38,5,2,140392.399321,-1.5114007837542134,,,0
4,n**5,-n**5,0.5,100.0,False,50,100,100,1.0,50,50,1.0,618,5,2,216220.750804,-3.324224119070237,,,0
18,n**3/0.99,-n**3/0.01,0.99,100000000.0,False,50,100,100,1.0,200,200,1.0,1120,5,2,1995941.863161,-1.795858580233737,,,0
11,n**3+1000000*n,-n**3-1000000*n,0.5,100000000.0,False,50,20,100,1.0,50,200,1.0,308,5,2,593634.341736,-2.4110215317523673,,,0
16,n**3/0.9,-n**3/0.1,0.9,100000000.0,False,50,20,100,1.0,200,200,1.0,538,5,2,1191884.753507,-2.249328185732815,,,0
3,n**2,-n**2,0.5,100.0,False,50,20,100,1.0,50,200,1.0,230,5,2,675855.789034,-1.7091666525938123,,,0
18,n**3/0.99,-n**3/0.01,0.99,100000000.0,False,50,100,100,1.0,50,200,1.0,928,5,2,1130915.806964,-1.7965816990252672,,,0
10,n**2+n,-n**2+n,0.5,1000.0,False,50,20,100,1.0,50,50,1.0,106,5,2,137493.098773,-1.5111205484736274,,,0
4,n**5,-n**5,0.5,100.0,False,50,20,100,1.0,200,200,1.0,430,5,2,1277132.256518,-3.8740092980053276,,,0
12,1000000*n,-1000000*n,0.5,100000000.0,False,50,20,100,1.0,200,200,1.0,502,5,2,1120411.643822,-1.058103444043129,,,0
13,n**3,-n**3,0.5,100000000.0,False,50,100,100,1.0,50,50,1.0,704,5,2,233579.773975,-2.1140109631618063,,,0
14,n**3/0.5,n**3/0.5,0.5,100000000.0,False,50,20,100,1.0,50,50,1.0,144,5,2,132073.936523,-2.112283244955888,,,0
2,n,-n,0.5,100.0,False,50,100,100,1.0,50,200,1.0,786,5,2,1354147.335685,-1.0493276716658562,,,0
11,n**3+1000000*n,-n**3-1000000*n,0.5,100000000.0,False,50,100,100,1.0,200,200,1.0,1070,5,2,1682589.793911,-2.472051235833277,,,0
18,n**3/0.99,-n**3/0.01,0.99,100000000.0,False,50,20,100,1.0,50,50,1.0,170,5,2,154805.527845,-1.4919347735155655,,,0
3,n**2,-n**2,0.5,100.0,False,50,100,100,1.0,200,200,1.0,988,5,2,1856234.946067,-1.7633844519848334,,,0
6,n,-n,0.5,1000.0,False,50,100,100,1.0,50,200,1.0,824,5,2,1442852.185856,-1.0231281966851158,,,0
9,n**2+20,-n**2+20,0.5,1000.0,False,50,100,100,1.0,50,50,1.0,662,5,2,308774.512237,-1.5059437310409707,,,0
8,n**2+2*n+20,-n**2+2*n+20,0.5,1000.0,False,50,20,100,1.0,200,200,1.0,464,5,2,1200462.932691,-1.7654349798686357,,,0
20,n**3/0.999,-n**3/0.001,0.999,100000000.0,False,50,100,100,1.0,200,200,1.0,1122,5,2,1992866.102663,-1.1828739356179356,,,0
7,n,-n,0.5,10000.0,False,50,100,100,1.0,200,200,1.0,1022,5,2,1996443.694551,-1.0583135115384148,,,0
3,n**2,-n**2,0.5,100.0,False,50,100,100,1.0,50,200,1.0,798,5,2,1433623.166789,-1.7508263056912472,,,0
18,n**3/0.99,-n**3/0.01,0.99,100000000.0,False,50,20,100,1.0,50,200,1.0,360,5,2,557473.113288,-1.7847916871172071,,,0
11,n**3+1000000*n,-n**3-1000000*n,0.5,100000000.0,False,50,100,100,1.0,50,200,1.0,880,5,2,1239301.2011,-2.4165192802725586,,,0
2,n,-n,0.5,100.0,False,50,100,100,1.0,200,200,1.0,976,5,2,2147508.435167,-1.0443922324131374,,,0
7,n,-n,0.5,10000.0,False,50,100,100,1.0,50,200,1.0,832,5,2,1329266.44751,-1.0523522115496025,,,0
20,n**3/0.999,-n**3/0.001,0.999,100000000.0,False,50,100,100,1.0,50,200,1.0,932,5,2,1129781.252946,-1.1737664743494933,,,0
8,n**2+2*n+20,-n**2+2*n+20,0.5,1000.0,False,50,100,100,1.0,50,50,1.0,654,5,2,301811.1333,-1.5106198457943028,,,0
9,n**2+20,-n**2+20,0.5,1000.0,False,50,20,100,1.0,200,200,1.0,472,5,2,1358342.089121,-1.7631444652979351,,,0
6,n,-n,0.5,1000.0,False,50,100,100,1.0,200,200,1.0,1014,5,2,1991244.108127,-1.0534293562728647,,,0
10,n**2+n,-n**2+n,0.5,1000.0,False,50,20,100,1.0,50,200,1.0,296,5,2,568941.388832,-1.7485831052769567,,,0
18,n**3/0.99,-n**3/0.01,0.99,100000000.0,False,50,100,100,1.0,200,200,1.0,1118,5,2,1955038.59157,-1.7386204820234603,,,0
4,n**5,-n**5,0.5,100.0,False,50,100,100,1.0,50,50,1.0,620,5,2,315709.62995,-3.3249738545531984,,,0
3,n**2,-n**2,0.5,100.0,False,50,20,100,1.0,50,50,1.0,40,5,2,195888.272782,-1.5095546676339695,,,0
16,n**3/0.9,-n**3/0.1,0.9,100000000.0,False,50,100,100,1.0,50,50,1.0,728,5,2,222374.334939,-1.9173090069432064,,,0
11,n**3+1000000*n,-n**3-1000000*n,0.5,100000000.0,False,50,20,100,1.0,50,50,1.0,118,5,2,135740.598835,-2.114486562355426,,,0
14,n**3/0.5,n**3/0.5,0.5,100000000.0,False,50,20,100,1.0,50,200,1.0,334,5,2,576445.095062,-2.4385218514687828,,,0
13,n**3,-n**3,0.5,100000000.0,False,50,20,100,1.0,200,200,1.0,514,5,2,1166623.213307,-2.462095701272506,,,0
12,1000000*n,-1000000*n,0.5,100000000.0,False,50,100,100,1.0,50,50,1.0,692,5,2,215592.814967,-0.9068081282535618,,,0
9,n**2+20,-n**2+20,0.5,1000.0,False,50,20,100,1.0,50,50,1.0,92,5,2,181300.019006,-1.5077427819430413,,,0
1,n**(1/2),-n**(1/2),0.5,100.0,False,50,100,100,1.0,50,200,1.0,774,5,2,1362004.343351,-0.6999736939739835,,,0
0,n**(1/4),-n**(1/4),0.5,100.0,False,50,100,100,1.0,200,200,1.0,952,5,2,2215393.864358,-0.5234655229417288,,,0
8,n**2+2*n+20,-n**2+2*n+20,0.5,1000.0,False,50,20,100,1.0,50,200,1.0,274,5,2,771611.379038,-1.7251553139374471,,,0
16,n**3/0.9,-n**3/0.1,0.9,100000000.0,False,50,100,100,1.0,200,200,1.0,1110,5,2,1844346.532235,-2.266831110080102,,,0
5,n,-n,0.5,10.0,False,50,100,100,1.0,50,200,1.0,816,5,2,1326577.622257,-1.0328661278957316,,,0
22,n**3/0.9999,-n**3/0.0001,0.9999,100000000.0,False,50,100,100,1.0,50,200,1.0,946,5,2,1144053.64363,-0.7764813218663599,,,0
4,n**5,-n**5,0.5,100.0,False,50,100,100,1.0,200,200,1.0,998,5,2,1955910.803734,-3.8809611274433116,,,0
18,n**3/0.99,-n**3/0.01,0.99,100000000.0,False,50,100,100,1.0,50,50,1.0,740,5,2,240969.437812,-1.5012296750306855,,,0
12,1000000*n,-1000000*n,0.5,100000000.0,False,50,20,100,1.0,50,200,1.0,312,5,2,582367.069086,-1.052772086446917,,,0
13,n**3,-n**3,0.5,100000000.0,False,50,20,100,1.0,50,50,1.0,134,5,2,136179.688437,-2.1117255902131444,,,0
14,n**3/0.5,n**3/0.5,0.5,100000000.0,False,50,100,100,1.0,50,50,1.0,714,5,2,224053.585818,-2.1145587551229865,,,0
11,n**3+1000000*n,-n**3-1000000*n,0.5,100000000.0,False,50,20,100,1.0,200,200,1.0,498,5,2,1099043.341034,-2.4653436467958683,,,0
16,n**3/0.9,-n**3/0.1,0.9,100000000.0,False,50,20,100,1.0,50,200,1.0,348,5,2,566803.568609,-2.245199565359446,,,0
3,n**2,-n**2,0.5,100.0,False,50,20,100,1.0,200,200,1.0,420,5,2,1401422.397833,-1.737962502505785,,,0
4,n**5,-n**5,0.5,100.0,False,50,20,100,1.0,50,200,1.0,240,5,2,678772.676584,-3.8175777957717587,,,0
10,n**2+n,-n**2+n,0.5,1000.0,False,50,100,100,1.0,50,50,1.0,676,5,2,219403.360994,-1.5101499897916553,,,0
14,n**3/0.5,n**3/0.5,0.5,100000000.0,False,50,20,100,1.0,200,200,1.0,524,5,2,1307617.593147,-2.4221700423165213,,,0
13,n**3,-n**3,0.5,100000000.0,False,50,20,100,1.0,50,200,1.0,324,5,2,567818.197432,-2.4489514451636083,,,0
12,1000000*n,-1000000*n,0.5,100000000.0,False,50,20,100,1.0,50,50,1.0,122,5,2,132423.932379,-0.9067851128196451,,,0
4,n**5,-n**5,0.5,100.0,False,50,20,100,1.0,50,50,1.0,50,5,2,219961.969557,-3.314754793535424,,,0
10,n**2+n,-n**2+n,0.5,1000.0,False,50,20,100,1.0,200,200,1.0,486,5,2,1256532.155124,-1.747645153668945,,,0
3,n**2,-n**2,0.5,100.0,False,50,100,100,1.0,50,50,1.0,610,5,2,329802.907865,-1.5110474357944514,,,0
16,n**3/0.9,-n**3/0.1,0.9,100000000.0,False,50,20,100,1.0,50,50,1.0,158,5,2,133705.745486,-1.9172219520302776,,,0
11,n**3+1000000*n,-n**3-1000000*n,0.5,100000000.0,False,50,100,100,1.0,50,50,1.0,688,5,2,233149.027745,-2.1148184013921023,,,0
8,n**2+2*n+20,-n**2+2*n+20,0.5,1000.0,False,50,20,100,1.0,50,50,1.0,84,5,2,193098.929277,-1.5105393146770658,,,0
0,n**(1/4),-n**(1/4),0.5,100.0,False,50,100,100,1.0,50,200,1.0,762,5,2,1418878.674258,-0.5242033211880879,,,0
1,n**(1/2),-n**(1/2),0.5,100.0,False,50,100,100,1.0,200,200,1.0,964,5,2,2100233.675433,-0.7048600725627261,,,0
9,n**2+20,-n**2+20,0.5,1000.0,False,50,20,100,1.0,50,200,1.0,282,5,2,733263.666684,-1.752085927708703,,,0
4,n**5,-n**5,0.5,100.0,False,50,100,100,1.0,50,200,1.0,808,5,2,1464526.404091,-3.827367356441686,,,0
18,n**3/0.99,-n**3/0.01,0.99,100000000.0,False,50,20,100,1.0,200,200,1.0,550,5,2,1185526.529156,-1.8396297135727027,,,0
22,n**3/0.9999,-n**3/0.0001,0.9999,100000000.0,False,50,100,100,1.0,200,200,1.0,1136,5,2,1823017.665556,-0.785798004435465,,,0
5,n,-n,0.5,10.0,False,50,100,100,1.0,200,200,1.0,1006,5,2,1809189.795464,-1.059424517184782,,,0
16,n**3/0.9,-n**3/0.1,0.9,100000000.0,False,50,100,100,1.0,50,200,1.0,920,5,2,1147041.869852,-2.248396552596438,,,0
18,n**3/0.99,-n**3/0.01,0.99,100000000.0,False,50,100,100,1.0,200,200,1.0,1116,5,2,1937491.413947,-1.8318204846517459,,,0
10,n**2+n,-n**2+n,0.5,1000.0,False,50,20,100,1.0,50,200,1.0,298,5,2,584286.690274,-1.722185086827041,,,0
16,n**3/0.9,-n**3/0.1,0.9,100000000.0,False,50,100,100,1.0,50,50,1.0,726,5,2,210071.458914,-1.917053361471929,,,0
2,n,-n,0.5,100.0,False,50,20,100,1.0,50,200,1.0,220,5,2,613790.760605,-0.9922855966520514,,,0
11,n**3+1000000*n,-n**3-1000000*n,0.5,100000000.0,False,50,20,100,1.0,50,50,1.0,116,5,2,138728.407374,-2.112988296568257,,,0
22,n**3/0.9999,-n**3/0.0001,0.9999,100000000.0,False,50,20,100,1.0,200,200,1.0,570,5,2,1111504.680399,-0.7766981306576245,,,0
5,n,-n,0.5,10.0,False,50,20,100,1.0,200,200,1.0,440,5,2,1215974.046264,-1.045819158723522,,,0
14,n**3/0.5,n**3/0.5,0.5,100000000.0,False,50,20,100,1.0,50,200,1.0,332,5,2,600598.440784,-2.410503198076477,,,0
13,n**3,-n**3,0.5,100000000.0,False,50,20,100,1.0,200,200,1.0,512,5,2,1298537.099966,-2.390392831642189,,,0
12,1000000*n,-1000000*n,0.5,100000000.0,False,50,100,100,1.0,50,50,1.0,694,5,2,225196.005574,-0.9065458066396995,,,0
3,n**2,-n**2,0.5,100.0,False,50,100,100,1.0,50,200,1.0,796,5,2,1213555.990378,-1.7547913767838337,,,0
10,n**2+n,-n**2+n,0.5,1000.0,False,50,100,100,1.0,200,200,1.0,1060,5,2,2020808.877124,-1.7525059726087526,,,0
2,n,-n,0.5,100.0,False,50,100,100,1.0,200,200,1.0,978,5,2,1733051.341175,-1.0593308544768236,,,0
20,n**3/0.999,-n**3/0.001,0.999,100000000.0,False,50,100,100,1.0,50,200,1.0,934,5,2,1130535.331908,-1.224543467701965,,,0
7,n,-n,0.5,10000.0,False,50,100,100,1.0,50,200,1.0,834,5,2,1206482.408672,-1.048148635568968,,,0
8,n**2+2*n+20,-n**2+2*n+20,0.5,1000.0,False,50,100,100,1.0,50,50,1.0,652,5,2,217006.059715,-1.5110534780433298,,,0
9,n**2+20,-n**2+20,0.5,1000.0,False,50,20,100,1.0,200,200,1.0,474,5,2,1257719.980067,-1.7388985232454544,,,0
6,n,-n,0.5,1000.0,False,50,100,100,1.0,200,200,1.0,1012,5,2,2168678.702269,-1.041682493284703,,,0
2,n,-n,0.5,100.0,False,50,100,100,1.0,50,200,1.0,788,5,2,1252703.224092,-1.0399922818436855,,,0
10,n**2+n,-n**2+n,0.5,1000.0,False,50,100,100,1.0,50,200,1.0,870,5,2,1228670.064276,-1.7460118264853584,,,0
3,n**2,-n**2,0.5,100.0,False,50,100,100,1.0,200,200,1.0,986,5,2,1677482.67585,-1.7651046707174234,,,0
6,n,-n,0.5,1000.0,False,50,100,100,1.0,50,200,1.0,822,5,2,1234539.031931,-1.048188794461217,,,0
9,n**2+20,-n**2+20,0.5,1000.0,False,50,100,100,1.0,50,50,1.0,664,5,2,223830.84661,-1.510355706817034,,,0
8,n**2+2*n+20,-n**2+2*n+20,0.5,1000.0,False,50,20,100,1.0,200,200,1.0,462,5,2,1241894.598436,-1.7364079928935012,,,0
7,n,-n,0.5,10000.0,False,50,100,100,1.0,200,200,1.0,1024,5,2,1825011.448782,-1.0538562537467067,,,0
20,n**3/0.999,-n**3/0.001,0.999,100000000.0,False,50,100,100,1.0,200,200,1.0,1124,5,2,1910925.222847,-1.1857825974454954,,,0
11,n**3+1000000*n,-n**3-1000000*n,0.5,100000000.0,False,50,20,100,1.0,50,200,1.0,306,5,2,555132.262254,-2.437531525587987,,,0
5,n,-n,0.5,10.0,False,50,100,100,1.0,50,50,1.0,630,5,2,213795.970877,-0.9065759475301158,,,0
22,n**3/0.9999,-n**3/0.0001,0.9999,100000000.0,False,50,100,100,1.0,50,50,1.0,760,5,2,242660.770339,-0.5684625056336667,,,0
16,n**3/0.9,-n**3/0.1,0.9,100000000.0,False,50,20,100,1.0,200,200,1.0,536,5,2,1037750.219315,-2.282564075970664,,,0
2,n,-n,0.5,100.0,False,50,20,100,1.0,50,50,1.0,30,5,2,139626.021066,-0.9061829105197502,,,0
10,n**2+n,-n**2+n,0.5,1000.0,False,50,20,100,1.0,50,50,1.0,108,5,2,138218.356033,-1.5110149985335801,,,0
18,n**3/0.99,-n**3/0.01,0.99,100000000.0,False,50,100,100,1.0,50,200,1.0,926,5,2,1170278.876442,-1.8080872870044946,,,0
12,1000000*n,-1000000*n,0.5,100000000.0,False,50,20,100,1.0,200,200,1.0,504,5,2,1277332.126571,-1.0385328041977984,,,0
13,n**3,-n**3,0.5,100000000.0,False,50,100,100,1.0,50,50,1.0,702,5,2,213032.828961,-2.11597652322578,,,0
14,n**3/0.5,n**3/0.5,0.5,100000000.0,False,50,20,100,1.0,50,50,1.0,142,5,2,157682.104426,-2.0882338158455394,,,0
0,n**(1/4),-n**(1/4),0.5,100.0,False,50,100,100,1.0,50,200,1.0,764,5,2,1213520.151553,-0.52492632716242,,,0
8,n**2+2*n+20,-n**2+2*n+20,0.5,1000.0,False,50,20,100,1.0,50,50,1.0,82,5,2,134405.337647,-1.5068517228569764,,,0
9,n**2+20,-n**2+20,0.5,1000.0,False,50,20,100,1.0,50,200,1.0,284,5,2,602914.817952,-1.7240112829178549,,,0
1,n**(1/2),-n**(1/2),0.5,100.0,False,50,100,100,1.0,200,200,1.0,962,5,2,1732111.441718,-0.7051767347296571,,,0
4,n**5,-n**5,0.5,100.0,False,50,100,100,1.0,50,200,1.0,806,5,2,1252444.223665,-3.839321000497192,,,0
5,n,-n,0.5,10.0,False,50,100,100,1.0,200,200,1.0,1008,5,2,1757385.051855,-1.0590600764423685,,,0
22,n**3/0.9999,-n**3/0.0001,0.9999,100000000.0,False,50,100,100,1.0,200,200,1.0,1138,5,2,1826781.034373,-0.7755806601924058,,,0
14,n**3/0.5,n**3/0.5,0.5,100000000.0,False,50,20,100,1.0,200,200,1.0,522,5,2,1171401.613543,-2.449591335111029,,,0
13,n**3,-n**3,0.5,100000000.0,False,50,20,100,1.0,50,200,1.0,322,5,2,594732.861346,-2.406190031459931,,,0
12,1000000*n,-1000000*n,0.5,100000000.0,False,50,20,100,1.0,50,50,1.0,124,5,2,131776.189716,-0.9055139111695861,,,0
10,n**2+n,-n**2+n,0.5,1000.0,False,50,20,100,1.0,200,200,1.0,488,5,2,1269780.928661,-1.7189017158786046,,,0
2,n,-n,0.5,100.0,False,50,20,100,1.0,200,200,1.0,410,5,2,1066370.130594,-1.0578139590421578,,,0
16,n**3/0.9,-n**3/0.1,0.9,100000000.0,False,50,20,100,1.0,50,50,1.0,156,5,2,135257.856467,-1.9171259175739201,,,0
5,n,-n,0.5,10.0,False,50,20,100,1.0,50,200,1.0,250,5,2,623765.756292,-1.0065043167104877,,,0
22,n**3/0.9999,-n**3/0.0001,0.9999,100000000.0,False,50,20,100,1.0,50,200,1.0,380,5,2,549076.33149,-0.7778359332373528,,,0
11,n**3+1000000*n,-n**3-1000000*n,0.5,100000000.0,False,50,100,100,1.0,50,50,1.0,686,5,2,208785.639307,-2.1142228455990066,,,0
12,1000000*n,-1000000*n,0.5,100000000.0,False,50,20,100,1.0,50,200,1.0,314,5,2,571658.916086,-1.0441107495453195,,,0
13,n**3,-n**3,0.5,100000000.0,False,50,20,100,1.0,50,50,1.0,132,5,2,139808.920544,-2.1110477522697466,,,0
14,n**3/0.5,n**3/0.5,0.5,100000000.0,False,50,100,100,1.0,50,50,1.0,712,5,2,220226.05808,-2.115684689394353,,,0
22,n**3/0.9999,-n**3/0.0001,0.9999,100000000.0,False,50,20,100,1.0,50,50,1.0,190,5,2,135929.657154,-0.5661507868189427,,,0
5,n,-n,0.5,10.0,False,50,20,100,1.0,50,50,1.0,60,5,2,134934.978688,-0.9062659503369063,,,0
11,n**3+1000000*n,-n**3-1000000*n,0.5,100000000.0,False,50,20,100,1.0,200,200,1.0,496,5,2,1122515.805569,-2.463321567282536,,,0
2,n,-n,0.5,100.0,False,50,100,100,1.0,50,50,1.0,600,5,2,219988.885038,-0.9067639216987792,,,0
16,n**3/0.9,-n**3/0.1,0.9,100000000.0,False,50,20,100,1.0,50,200,1.0,346,5,2,579524.690499,-2.247427225838549,,,0
10,n**2+n,-n**2+n,0.5,1000.0,False,50,100,100,1.0,50,50,1.0,678,5,2,242486.839364,-1.5103639880517572,,,0
1,n**(1/2),-n**(1/2),0.5,100.0,False,50,100,100,1.0,50,200,1.0,772,5,2,1237759.165559,-0.6929856016909148,,,0
9,n**2+20,-n**2+20,0.5,1000.0,False,50,20,100,1.0,50,50,1.0,94,5,2,135009.346938,-1.5110874348960934,,,0
8,n**2+2*n+20,-n**2+2*n+20,0.5,1000.0,False,50,20,100,1.0,50,200,1.0,272,5,2,578523.935049,-1.7374209131433984,,,0
0,n**(1/4),-n**(1/4),0.5,100.0,False,50,100,100,1.0,200,200,1.0,954,5,2,1662733.563052,-0.5297070576272712,,,0
22,n**3/0.9999,-n**3/0.0001,0.9999,100000000.0,False,50,100,100,1.0,50,200,1.0,948,5,2,1148107.939347,-0.7748957928146456,,,0
5,n,-n,0.5,10.0,False,50,100,100,1.0,50,200,1.0,818,5,2,1252254.79268,-1.0409643301478357,,,0
4,n**5,-n**5,0.5,100.0,False,50,100,100,1.0,200,200,1.0,996,5,2,2187219.780695,-3.7694399915311996,,,0
16,n**3/0.9,-n**3/0.1,0.9,100000000.0,False,50,100,100,1.0,50,200,1.0,916,5,2,1216605.289832,-2.2530363225872954,,,0
22,n**3/0.9999,-n**3/0.0001,0.9999,100000000.0,False,50,100,100,1.0,200,200,1.0,1140,5,2,1748822.745938,-0.7748251191815805,,,0
5,n,-n,0.5,10.0,False,50,100,100,1.0,200,200,1.0,1010,5,2,1716985.433038,-1.0596691087847643,,,0
18,n**3/0.99,-n**3/0.01,0.99,100000000.0,False,50,20,100,1.0,200,200,1.0,546,5,2,1305441.873412,-1.740336189348136,,,0
12,1000000*n,-1000000*n,0.5,100000000.0,False,50,100,100,1.0,50,200,1.0,884,5,2,1197092.627769,-1.0494828192134253,,,0
13,n**3,-n**3,0.5,100000000.0,False,50,100,100,1.0,200,200,1.0,1082,5,2,2080927.2327,-2.4300410792025406,,,0
22,n**3/0.9999,-n**3/0.0001,0.9999,100000000.0,False,50,20,100,1.0,50,200,1.0,378,5,2,551641.9987,-0.774978272464648,,,0
5,n,-n,0.5,10.0,False,50,20,100,1.0,50,200,1.0,248,5,2,566206.312264,-1.0430714429118524,,,0
2,n,-n,0.5,100.0,False,50,20,100,1.0,200,200,1.0,408,5,2,1198870.381484,-1.0459165355578819,,,0
3,n**2,-n**2,0.5,100.0,False,50,100,100,1.0,50,50,1.0,606,5,2,236233.422676,-1.5083856182262654,,,0
4,n**5,-n**5,0.5,100.0,False,50,20,100,1.0,50,50,1.0,46,5,2,145909.798106,-3.3159717193494553,,,0
10,n**2+n,-n**2+n,0.5,1000.0,False,50,20,100,1.0,200,200,1.0,490,5,2,1165113.869782,-1.7568122521881906,,,0
1,n**(1/2),-n**(1/2),0.5,100.0,False,50,20,100,1.0,50,200,1.0,202,5,2,571659.27465,-0.6987510525583396,,,0
9,n**2+20,-n**2+20,0.5,1000.0,False,50,100,100,1.0,200,200,1.0,1044,5,2,2152018.422565,-1.7151319478767941,,,0
6,n,-n,0.5,1000.0,False,50,20,100,1.0,200,200,1.0,442,5,2,1165501.683654,-1.0509012478381552,,,0
20,n**3/0.999,-n**3/0.001,0.999,100000000.0,False,50,100,100,1.0,50,50,1.0,744,5,2,258603.732581,-0.9383620397905643,,,0
7,n,-n,0.5,10000.0,False,50,100,100,1.0,50,50,1.0,644,5,2,215364.966569,-0.9067560219685168,,,0
8,n**2+2*n+20,-n**2+2*n+20,0.5,1000.0,False,50,100,100,1.0,50,200,1.0,842,5,2,1235374.795928,-1.751154154643514,,,0
0,n**(1/4),-n**(1/4),0.5,100.0,False,50,20,100,1.0,50,50,1.0,4,5,2,147697.908626,-0.4509106943066096,,,0
4,n**5,-n**5,0.5,100.0,False,50,20,100,1.0,50,200,1.0,236,5,2,575200.084037,-3.804805547817521,,,0
10,n**2+n,-n**2+n,0.5,1000.0,False,50,100,100,1.0,50,50,1.0,680,5,2,239305.755083,-1.5095425459433636,,,0
3,n**2,-n**2,0.5,100.0,False,50,20,100,1.0,200,200,1.0,416,5,2,1228767.980731,-1.7591405217807647,,,0
2,n,-n,0.5,100.0,False,50,100,100,1.0,50,50,1.0,598,5,2,217396.798364,-0.9065950104391644,,,0
5,n,-n,0.5,10.0,False,50,20,100,1.0,50,50,1.0,58,5,2,138039.375517,-0.9057991156785594,,,0
22,n**3/0.9999,-n**3/0.0001,0.9999,100000000.0,False,50,20,100,1.0,50,50,1.0,188,5,2,140841.210948,-0.565109784821559,,,0
0,n**(1/4),-n**(1/4),0.5,100.0,False,50,20,100,1.0,50,200,1.0,194,5,2,580873.246817,-0.5183685351042467,,,0
8,n**2+2*n+20,-n**2+2*n+20,0.5,1000.0,False,50,100,100,1.0,200,200,1.0,1032,5,2,1852729.324903,-1.754853738521778,,,0
7,n,-n,0.5,10000.0,False,50,20,100,1.0,200,200,1.0,454,5,2,1116131.453483,-1.0551281857640384,,,0
20,n**3/0.999,-n**3/0.001,0.999,100000000.0,False,50,20,100,1.0,200,200,1.0,554,5,2,1231482.30172,-1.1652982347360452,,,0
6,n,-n,0.5,1000.0,False,50,100,100,1.0,50,50,1.0,632,5,2,215247.783638,-0.9067773242337125,,,0
9,n**2+20,-n**2+20,0.5,1000.0,False,50,100,100,1.0,50,200,1.0,854,5,2,1255792.150131,-1.7260619270712299,,,0
1,n**(1/2),-n**(1/2),0.5,100.0,False,50,20,100,1.0,50,50,1.0,12,5,2,131414.595834,-0.6035059380958123,,,0
18,n**3/0.99,-n**3/0.01,0.99,100000000.0,False,50,100,100,1.0,50,50,1.0,736,5,2,263575.594763,-1.4894067504141741,,,0
5,n,-n,0.5,10.0,False,50,100,100,1.0,50,200,1.0,820,5,2,1263856.280886,-1.0177948392719636,,,0
22,n**3/0.9999,-n**3/0.0001,0.9999,100000000.0,False,50,100,100,1.0,50,200,1.0,950,5,2,1150232.411398,-0.7699645094441396,,,0
16,n**3/0.9,-n**3/0.1,0.9,100000000.0,False,50,100,100,1.0,200,200,1.0,1106,5,2,2041511.147681,-2.2497230947932323,,,0
13,n**3,-n**3,0.5,100000000.0,False,50,100,100,1.0,50,200,1.0,892,5,2,1186206.467312,-2.455166424550279,,,0
12,1000000*n,-1000000*n,0.5,100000000.0,False,50,100,100,1.0,200,200,1.0,1074,5,2,1799317.49952,-1.0544211038252198,,,0
1,n**(1/2),-n**(1/2),0.5,100.0,False,50,20,100,1.0,200,200,1.0,392,5,2,1232293.734643,-0.6926487676040933,,,0
6,n,-n,0.5,1000.0,False,50,20,100,1.0,50,200,1.0,252,5,2,564178.980188,-1.0518225507707544,,,0
7,n,-n,0.5,10000.0,False,50,20,100,1.0,50,50,1.0,74,5,2,128447.503824,-0.9050935462454089,,,0
20,n**3/0.999,-n**3/0.001,0.999,100000000.0,False,50,20,100,1.0,50,50,1.0,174,5,2,151684.601878,-0.9082700219462204,,,0
0,n**(1/4),-n**(1/4),0.5,100.0,False,50,100,100,1.0,50,50,1.0,574,5,2,214979.689662,-0.45334068816418904,,,0
5,n,-n,0.5,10.0,False,50,20,100,1.0,200,200,1.0,438,5,2,1106397.510631,-1.0527500929907672,,,0
22,n**3/0.9999,-n**3/0.0001,0.9999,100000000.0,False,50,20,100,1.0,200,200,1.0,568,5,2,1116876.438582,-0.7751793158171949,,,0
2,n,-n,0.5,100.0,False,50,20,100,1.0,50,200,1.0,218,5,2,584280.798174,-1.0473424528326372,,,0
3,n**2,-n**2,0.5,100.0,False,50,20,100,1.0,50,50,1.0,36,5,2,138849.633974,-1.5089043927205357,,,0
10,n**2+n,-n**2+n,0.5,1000.0,False,50,20,100,1.0,50,200,1.0,300,5,2,585403.634204,-1.7530608648612658,,,0
4,n**5,-n**5,0.5,100.0,False,50,100,100,1.0,50,50,1.0,616,5,2,216485.717823,-3.3242751180201386,,,0
14,n**3/0.5,n**3/0.5,0.5,100000000.0,False,50,100,100,1.0,200,200,1.0,1092,5,2,1970896.705549,-2.453843469335395,,,0
2,n,-n,0.5,100.0,False,50,100,100,1.0,200,200,1.0,980,5,2,1700378.952557,-1.059668338849261,,,0
11,n**3+1000000*n,-n**3-1000000*n,0.5,100000000.0,False,50,100,100,1.0,50,200,1.0,876,5,2,1229589.374815,-2.434816028879184,,,0
10,n**2+n,-n**2+n,0.5,1000.0,False,50,100,100,1.0,200,200,1.0,1058,5,2,2141484.750345,-1.7290124860522014,,,0
18,n**3/0.99,-n**3/0.01,0.99,100000000.0,False,50,20,100,1.0,50,200,1.0,356,5,2,565896.12218,-1.7648706232618752,,,0
14,n**3/0.5,n**3/0.5,0.5,100000000.0,False,50,100,100,1.0,50,200,1.0,902,5,2,1219063.961726,-2.4601227692259693,,,0
18,n**3/0.99,-n**3/0.01,0.99,100000000.0,False,50,20,100,1.0,50,50,1.0,166,5,2,159080.762167,-1.4906438883663795,,,0
10,n**2+n,-n**2+n,0.5,1000.0,False,50,100,100,1.0,50,200,1.0,868,5,2,1211255.093947,-1.7368868255007932,,,0
11,n**3+1000000*n,-n**3-1000000*n,0.5,100000000.0,False,50,100,100,1.0,200,200,1.0,1066,5,2,1931564.193201,-2.460385868878872,,,0
2,n,-n,0.5,100.0,False,50,100,100,1.0,50,200,1.0,790,5,2,1231808.087716,-1.0498464086618498,,,0
0,n**(1/4),-n**(1/4),0.5,100.0,False,50,20,100,1.0,200,200,1.0,384,5,2,1153183.153212,-0.5255106462770045,,,0
20,n**3/0.999,-n**3/0.001,0.999,100000000.0,False,50,20,100,1.0,50,200,1.0,364,5,2,548124.193699,-1.1790057479372689,,,0
7,n,-n,0.5,10000.0,False,50,20,100,1.0,50,200,1.0,264,5,2,580165.711784,-1.0470745691358234,,,0
6,n,-n,0.5,1000.0,False,50,20,100,1.0,50,50,1.0,62,5,2,135004.583808,-0.9067339216070857,,,0
1,n**(1/2),-n**(1/2),0.5,100.0,False,50,100,100,1.0,50,50,1.0,582,5,2,219812.219564,-0.6041769648837747,,,0
10,n**2+n,-n**2+n,0.5,1000.0,False,50,20,100,1.0,50,50,1.0,110,5,2,129179.467593,-1.510575532029076,,,0
4,n**5,-n**5,0.5,100.0,False,50,20,100,1.0,200,200,1.0,426,5,2,1284298.272308,-3.7673688379706114,,,0
3,n**2,-n**2,0.5,100.0,False,50,20,100,1.0,50,200,1.0,226,5,2,570786.839393,-1.732401988044153,,,0
2,n,-n,0.5,100.0,False,50,20,100,1.0,50,50,1.0,28,5,2,132593.359134,-0.9062466931978234,,,0
22,n**3/0.9999,-n**3/0.0001,0.9999,100000000.0,False,50,100,100,1.0,50,50,1.0,758,5,2,236713.628582,-0.5643750516125666,,,0
5,n,-n,0.5,10.0,False,50,100,100,1.0,50,50,1.0,628,5,2,215466.397352,-0.9061414940655139,,,0
9,n**2+20,-n**2+20,0.5,1000.0,False,50,100,100,1.0,50,50,1.0,668,5,2,237650.279659,-1.509734620078681,,,0
6,n,-n,0.5,1000.0,False,50,100,100,1.0,50,200,1.0,826,5,2,1211719.417207,-1.0428377551745256,,,0
7,n,-n,0.5,10000.0,False,50,100,100,1.0,200,200,1.0,1028,5,2,2007229.134582,-1.042250303357226,,,0
20,n**3/0.999,-n**3/0.001,0.999,100000000.0,False,50,100,100,1.0,200,200,1.0,1128,5,2,2119249.624261,-1.1958973548087877,,,0
8,n**2+2*n+20,-n**2+2*n+20,0.5,1000.0,False,50,20,100,1.0,200,200,1.0,466,5,2,1256790.626841,-1.7325737066147837,,,0
2,n,-n,0.5,100.0,False,50,100,100,1.0,50,200,1.0,784,5,2,1202050.868525,-1.0377566281405424,,,0
3,n**2,-n**2,0.5,100.0,False,50,100,100,1.0,200,200,1.0,982,5,2,1818792.915622,-1.7598287847886218,,,0
12,1000000*n,-1000000*n,0.5,100000000.0,False,50,20,100,1.0,200,200,1.0,508,5,2,1066375.050514,-1.0584912998851304,,,0
14,n**3/0.5,n**3/0.5,0.5,100000000.0,False,50,20,100,1.0,50,50,1.0,146,5,2,184548.54414,-2.1116027780976587,,,0
0,n**(1/4),-n**(1/4),0.5,100.0,False,50,20,100,1.0,200,200,1.0,390,5,2,1087306.854829,-0.5289025567434965,,,0
13,n**3,-n**3,0.5,100000000.0,False,50,100,100,1.0,50,50,1.0,706,5,2,266473.695493,-2.112560202072962,,,0
7,n,-n,0.5,10000.0,False,50,20,100,1.0,50,200,1.0,270,5,2,594349.983692,-1.0345011038837544,,,0
20,n**3/0.999,-n**3/0.001,0.999,100000000.0,False,50,20,100,1.0,50,200,1.0,370,5,2,680266.723316,-1.1789308594468675,,,0
16,n**3/0.9,-n**3/0.1,0.9,100000000.0,False,50,20,100,1.0,200,200,1.0,532,5,2,1159624.191109,-2.2821515586416785,,,0
11,n**3+1000000*n,-n**3-1000000*n,0.5,100000000.0,False,50,20,100,1.0,50,200,1.0,302,5,2,750105.775423,-2.4289070579708376,,,0
10,n**2+n,-n**2+n,0.5,1000.0,False,50,20,100,1.0,50,50,1.0,104,5,2,170320.687292,-1.5088665115343967,,,0
18,n**3/0.99,-n**3/0.01,0.99,100000000.0,False,50,100,100,1.0,50,200,1.0,922,5,2,1313805.159236,-1.8151259811485587,,,0
13,n**3,-n**3,0.5,100000000.0,False,50,20,100,1.0,200,200,1.0,516,5,2,1276451.105838,-2.4587090938391927,,,0
20,n**3/0.999,-n**3/0.001,0.999,100000000.0,False,50,20,100,1.0,50,50,1.0,180,5,2,224207.199511,-0.8889166863642838,,,0
7,n,-n,0.5,10000.0,False,50,20,100,1.0,50,50,1.0,80,5,2,141025.370465,-0.9009036153220956,,,0
14,n**3/0.5,n**3/0.5,0.5,100000000.0,False,50,20,100,1.0,50,200,1.0,336,5,2,737361.189781,-2.443057941926241,,,0
0,n**(1/4),-n**(1/4),0.5,100.0,False,50,100,100,1.0,50,50,1.0,580,5,2,215325.024134,-0.45326200218678625,,,0
12,1000000*n,-1000000*n,0.5,100000000.0,False,50,100,100,1.0,50,50,1.0,698,5,2,338849.419301,-0.9062251373435548,,,0
18,n**3/0.99,-n**3/0.01,0.99,100000000.0,False,50,100,100,1.0,200,200,1.0,1112,5,2,2197726.240144,-1.787398740820875,,,0
10,n**2+n,-n**2+n,0.5,1000.0,False,50,20,100,1.0,50,200,1.0,294,5,2,723443.657665,-1.7285424439382113,,,0
11,n**3+1000000*n,-n**3-1000000*n,0.5,100000000.0,False,50,20,100,1.0,50,50,1.0,112,5,2,189143.783677,-2.0994334081692596,,,0
16,n**3/0.9,-n**3/0.1,0.9,100000000.0,False,50,100,100,1.0,50,50,1.0,722,5,2,298772.30358,-1.9172180080277181,,,0
8,n**2+2*n+20,-n**2+2*n+20,0.5,1000.0,False,50,100,100,1.0,50,50,1.0,656,5,2,216921.829535,-1.51074617693646,,,0
20,n**3/0.999,-n**3/0.001,0.999,100000000.0,False,50,100,100,1.0,50,200,1.0,938,5,2,1230284.503194,-1.1961009517855696,,,0
7,n,-n,0.5,10000.0,False,50,100,100,1.0,50,200,1.0,838,5,2,1246294.765455,-1.0377916012802106,,,0
6,n,-n,0.5,1000.0,False,50,100,100,1.0,200,200,1.0,1016,5,2,1936067.196586,-1.0528720173430848,,,0
9,n**2+20,-n**2+20,0.5,1000.0,False,50,20,100,1.0,200,200,1.0,478,5,2,1134340.383612,-1.7563239777838144,,,0
3,n**2,-n**2,0.5,100.0,False,50,100,100,1.0,50,200,1.0,792,5,2,1235463.231081,-1.747188522230039,,,0
2,n,-n,0.5,100.0,False,50,100,100,1.0,200,200,1.0,974,5,2,1911087.957866,-1.0503141124532278,,,0
16,n**3/0.9,-n**3/0.1,0.9,100000000.0,False,50,20,100,1.0,50,200,1.0,342,5,2,619956.26116,-2.273385818220558,,,0
11,n**3+1000000*n,-n**3-1000000*n,0.5,100000000.0,False,50,20,100,1.0,200,200,1.0,492,5,2,1400331.593827,-2.417748485812833,,,0
10,n**2+n,-n**2+n,0.5,1000.0,False,50,100,100,1.0,50,50,1.0,674,5,2,279501.613035,-1.5105321339145361,,,0
12,1000000*n,-1000000*n,0.5,100000000.0,False,50,20,100,1.0,50,200,1.0,318,5,2,662697.346039,-1.0390574687908656,,,0
9,n**2+20,-n**2+20,0.5,1000.0,False,50,100,100,1.0,50,200,1.0,860,5,2,1241533.16218,-1.7409592240014915,,,0
0,n**(1/4),-n**(1/4),0.5,100.0,False,50,20,100,1.0,50,200,1.0,200,5,2,575731.166234,-0.5266399096745146,,,0
14,n**3/0.5,n**3/0.5,0.5,100000000.0,False,50,100,100,1.0,50,50,1.0,716,5,2,309854.44011,-2.115606872947361,,,0
20,n**3/0.999,-n**3/0.001,0.999,100000000.0,False,50,20,100,1.0,200,200,1.0,560,5,2,1343467.628403,-1.1762956304467305,,,0
7,n,-n,0.5,10000.0,False,50,20,100,1.0,200,200,1.0,460,5,2,1234732.732965,-1.0475453944945918,,,0
13,n**3,-n**3,0.5,100000000.0,False,50,20,100,1.0,50,50,1.0,136,5,2,194940.761439,-2.1153777763605293,,,0
22,n**3/0.9999,-n**3/0.0001,0.9999,100000000.0,False,50,100,100,1.0,50,200,1.0,944,5,2,1270108.404276,-0.7760439361134055,,,0
5,n,-n,0.5,10.0,False,50,100,100,1.0,50,200,1.0,814,5,2,1246661.918536,-1.02789954056917,,,0
4,n**5,-n**5,0.5,100.0,False,50,100,100,1.0,200,200,1.0,992,5,2,1772204.349271,-3.8834249985170337,,,0
1,n**(1/2),-n**(1/2),0.5,100.0,False,50,100,100,1.0,50,200,1.0,776,5,2,1197830.734516,-0.7021090067440137,,,0
9,n**2+20,-n**2+20,0.5,1000.0,False,50,20,100,1.0,50,50,1.0,98,5,2,143837.654197,-1.5064542397182605,,,0
12,1000000*n,-1000000*n,0.5,100000000.0,False,50,100,100,1.0,200,200,1.0,1080,5,2,1766848.309049,-1.0594167707230535,,,0
8,n**2+2*n+20,-n**2+2*n+20,0.5,1000.0,False,50,20,100,1.0,50,200,1.0,276,5,2,608897.713278,-1.6831569745492263,,,0
0,n**(1/4),-n**(1/4),0.5,100.0,False,50,100,100,1.0,200,200,1.0,958,5,2,2291667.144308,-0.5064480759183003,,,0
4,n**5,-n**5,0.5,100.0,False,50,100,100,1.0,50,200,1.0,802,5,2,1259613.41277,-3.778858681243475,,,0
5,n,-n,0.5,10.0,False,50,100,100,1.0,200,200,1.0,1004,5,2,2037736.374282,-1.0388776628048817,,,0
22,n**3/0.9999,-n**3/0.0001,0.9999,100000000.0,False,50,100,100,1.0,200,200,1.0,1134,5,2,1950215.991963,-0.7751540402036824,,,0
0,n**(1/4),-n**(1/4),0.5,100.0,False,50,100,100,1.0,50,200,1.0,768,5,2,1205791.733079,-0.5265625438338071,,,0
8,n**2+2*n+20,-n**2+2*n+20,0.5,1000.0,False,50,20,100,1.0,50,50,1.0,86,5,2,134796.707454,-1.5110518716381331,,,0
12,1000000*n,-1000000*n,0.5,100000000.0,False,50,100,100,1.0,50,200,1.0,890,5,2,1391954.072786,-1.0498962930708875,,,0
9,n**2+20,-n**2+20,0.5,1000.0,False,50,20,100,1.0,50,200,1.0,288,5,2,589066.679203,-1.7505028983147488,,,0
1,n**(1/2),-n**(1/2),0.5,100.0,False,50,100,100,1.0,200,200,1.0,966,5,2,1772373.037272,-0.7043877963534094,,,0
10,n**2+n,-n**2+n,0.5,1000.0,False,50,20,100,1.0,200,200,1.0,484,5,2,1202296.969268,-1.765105931102857,,,0
11,n**3+1000000*n,-n**3-1000000*n,0.5,100000000.0,False,50,100,100,1.0,50,50,1.0,682,5,2,270275.521415,-2.115456975064897,,,0
16,n**3/0.9,-n**3/0.1,0.9,100000000.0,False,50,20,100,1.0,50,50,1.0,152,5,2,201203.158123,-1.9170114727498662,,,0
7,n,-n,0.5,10000.0,False,50,100,100,1.0,50,50,1.0,650,5,2,211894.793848,-0.9060171001399195,,,0
20,n**3/0.999,-n**3/0.001,0.999,100000000.0,False,50,100,100,1.0,50,50,1.0,750,5,2,325826.264149,-0.9339676542523104,,,0
13,n**3,-n**3,0.5,100000000.0,False,50,20,100,1.0,50,200,1.0,326,5,2,748297.377814,-2.442277778378149,,,0
0,n**(1/4),-n**(1/4),0.5,100.0,False,50,20,100,1.0,50,50,1.0,10,5,2,137174.379083,-0.452736182128188,,,0
14,n**3/0.5,n**3/0.5,0.5,100000000.0,False,50,20,100,1.0,200,200,1.0,526,5,2,1302666.947977,-2.42869701454884,,,0
9,n**2+20,-n**2+20,0.5,1000.0,False,50,100,100,1.0,200,200,1.0,1050,5,2,1759500.568534,-1.7627281361727916,,,0
12,1000000*n,-1000000*n,0.5,100000000.0,False,50,20,100,1.0,50,50,1.0,128,5,2,166159.832676,-0.9068227833186797,,,0
7,n,-n,0.5,10000.0,False,50,20,100,1.0,200,200,1.0,458,5,2,1058463.055988,-1.0598153626027156,,,0
20,n**3/0.999,-n**3/0.001,0.999,100000000.0,False,50,20,100,1.0,200,200,1.0,558,5,2,1198242.663947,-1.1802173376412195,,,0
0,n**(1/4),-n**(1/4),0.5,100.0,False,50,20,100,1.0,50,200,1.0,198,5,2,596191.926913,-0.5178265572338276,,,0
8,n**2+2*n+20,-n**2+2*n+20,0.5,1000.0,False,50,100,100,1.0,200,200,1.0,1036,5,2,2143355.509628,-1.7333316890284427,,,0
9,n**2+20,-n**2+20,0.5,1000.0,False,50,100,100,1.0,50,200,1.0,858,5,2,1218517.91599,-1.749360911041663,,,0
1,n**(1/2),-n**(1/2),0.5,100.0,False,50,20,100,1.0,50,50,1.0,16,5,2,139344.52449,-0.6043790569561331,,,0
6,n,-n,0.5,1000.0,False,50,100,100,1.0,50,50,1.0,636,5,2,226722.242959,-0.9042147814614356,,,0
12,1000000*n,-1000000*n,0.5,100000000.0,False,50,20,100,1.0,50,200,1.0,320,5,2,582775.021609,-1.0543229293763596,,,0
3,n**2,-n**2,0.5,100.0,False,50,20,100,1.0,200,200,1.0,412,5,2,1163972.134652,-1.754711026164332,,,0
4,n**5,-n**5,0.5,100.0,False,50,20,100,1.0,50,200,1.0,232,5,2,586933.787671,-3.8283002170380294,,,0
5,n,-n,0.5,10.0,False,50,20,100,1.0,50,50,1.0,54,5,2,140236.256035,-0.9066708994630933,,,0
22,n**3/0.9999,-n**3/0.0001,0.9999,100000000.0,False,50,20,100,1.0,50,50,1.0,184,5,2,142506.010976,-0.5662002573298394,,,0
2,n,-n,0.5,100.0,False,50,100,100,1.0,50,50,1.0,594,5,2,221402.896769,-0.9065623569421527,,,0
0,n**(1/4),-n**(1/4),0.5,100.0,False,50,100,100,1.0,200,200,1.0,960,5,2,1758941.747918,-0.5281191407683113,,,0
13,n**3,-n**3,0.5,100000000.0,False,50,100,100,1.0,50,200,1.0,896,5,2,1268729.12894,-2.3873951658766877,,,0
12,1000000*n,-1000000*n,0.5,100000000.0,False,50,100,100,1.0,200,200,1.0,1078,5,2,1796569.293645,-1.058666685342177,,,0
9,n**2+20,-n**2+20,0.5,1000.0,False,50,20,100,1.0,50,50,1.0,100,5,2,143077.599567,-1.5083622109709467,,,0
18,n**3/0.99,-n**3/0.01,0.99,100000000.0,False,50,100,100,1.0,50,50,1.0,732,5,2,240847.043436,-1.502366861693472,,,0
16,n**3/0.9,-n**3/0.1,0.9,100000000.0,False,50,100,100,1.0,200,200,1.0,1102,5,2,1797063.248533,-2.4446610573444683,,,0
9,n**2+20,-n**2+20,0.5,1000.0,False,50,20,100,1.0,50,200,1.0,290,5,2,572513.401311,-1.7463488307216268,,,0
12,1000000*n,-1000000*n,0.5,100000000.0,False,50,100,100,1.0,50,200,1.0,888,5,2,1246862.195487,-1.0377979764029923,,,0
13,n**3,-n**3,0.5,100000000.0,False,50,100,100,1.0,200,200,1.0,1086,5,2,2032681.915916,-2.4444974128079813,,,0
0,n**(1/4),-n**(1/4),0.5,100.0,False,50,100,100,1.0,50,200,1.0,770,5,2,1222446.52601,-0.5230920496959578,,,0
16,n**3/0.9,-n**3/0.1,0.9,100000000.0,False,50,100,100,1.0,50,200,1.0,912,5,2,1208650.625498,-2.253701527136121,,,0
18,n**3/0.99,-n**3/0.01,0.99,100000000.0,False,50,20,100,1.0,200,200,1.0,542,5,2,1218618.559655,-1.8210579825884317,,,0
6,n,-n,0.5,1000.0,False,50,20,100,1.0,200,200,1.0,446,5,2,1282909.980572,-1.0179569564346451,,,0
12,1000000*n,-1000000*n,0.5,100000000.0,False,50,20,100,1.0,50,50,1.0,130,5,2,139736.699287,-0.8997117087275196,,,0
1,n**(1/2),-n**(1/2),0.5,100.0,False,50,20,100,1.0,50,200,1.0,206,5,2,564821.839507,-0.6955454741374147,,,0
9,n**2+20,-n**2+20,0.5,1000.0,False,50,100,100,1.0,200,200,1.0,1048,5,2,2192324.932575,-1.7292330350532439,,,0
8,n**2+2*n+20,-n**2+2*n+20,0.5,1000.0,False,50,100,100,1.0,50,200,1.0,846,5,2,1208557.95856,-1.7504314624207622,,,0
0,n**(1/4),-n**(1/4),0.5,100.0,False,50,20,100,1.0,50,50,1.0,8,5,2,133216.345966,-0.4525862216965871,,,0
20,n**3/0.999,-n**3/0.001,0.999,100000000.0,False,50,100,100,1.0,50,50,1.0,748,5,2,227873.513837,-0.8675306007343749,,,0
7,n,-n,0.5,10000.0,False,50,100,100,1.0,50,50,1.0,648,5,2,215384.918455,-0.906311234053159,,,0
2,n,-n,0.5,100.0,False,50,20,100,1.0,200,200,1.0,404,5,2,1207141.735674,-1.050846943208219,,,0
22,n**3/0.9999,-n**3/0.0001,0.9999,100000000.0,False,50,20,100,1.0,50,200,1.0,374,5,2,538658.845029,-0.772578708042386,,,0
5,n,-n,0.5,10.0,False,50,20,100,1.0,50,200,1.0,244,5,2,564696.565399,-1.0480023381995145,,,0
4,n**5,-n**5,0.5,100.0,False,50,20,100,1.0,50,50,1.0,42,5,2,145300.061334,-3.3205074008445075,,,0
3,n**2,-n**2,0.5,100.0,False,50,100,100,1.0,50,50,1.0,602,5,2,222280.928015,-1.5093391589895626,,,0
18,n**3/0.99,-n**3/0.01,0.99,100000000.0,False,50,20,100,1.0,50,50,1.0,162,5,2,194941.117843,-1.5019427104779175,,,0
10,n**2+n,-n**2+n,0.5,1000.0,False,50,100,100,1.0,50,200,1.0,864,5,2,1223836.006084,-1.7453421078295903,,,0
11,n**3+1000000*n,-n**3-1000000*n,0.5,100000000.0,False,50,100,100,1.0,200,200,1.0,1062,5,2,1796429.888051,-2.464505503494596,,,0
14,n**3/0.5,n**3/0.5,0.5,100000000.0,False,50,100,100,1.0,50,200,1.0,906,5,2,1289778.908876,-2.407714521467474,,,0
20,n**3/0.999,-n**3/0.001,0.999,100000000.0,False,50,100,100,1.0,200,200,1.0,1130,5,2,1799467.837862,-1.2113610251426479,,,0
7,n,-n,0.5,10000.0,False,50,100,100,1.0,200,200,1.0,1030,5,2,2143916.986769,-1.022521575678582,,,0
9,n**2+20,-n**2+20,0.5,1000.0,False,50,100,100,1.0,50,50,1.0,670,5,2,211955.215304,-1.5092771646369665,,,0
3,n**2,-n**2,0.5,100.0,False,50,20,100,1.0,50,200,1.0,222,5,2,577526.442712,-1.701890116625099,,,0
4,n**5,-n**5,0.5,100.0,False,50,20,100,1.0,200,200,1.0,422,5,2,1082185.227366,-3.8669113122598255,,,0
22,n**3/0.9999,-n**3/0.0001,0.9999,100000000.0,False,50,100,100,1.0,50,50,1.0,754,5,2,230341.165873,-0.5650832493524331,,,0
5,n,-n,0.5,10.0,False,50,100,100,1.0,50,50,1.0,624,5,2,211193.41046,-0.905731089809789,,,0
2,n,-n,0.5,100.0,False,50,20,100,1.0,50,50,1.0,24,5,2,135213.161822,-0.9066021874221978,,,0
20,n**3/0.999,-n**3/0.001,0.999,100000000.0,False,50,20,100,1.0,50,200,1.0,368,5,2,579371.452916,-1.1657993918997878,,,0
7,n,-n,0.5,10000.0,False,50,20,100,1.0,50,200,1.0,268,5,2,566622.860357,-1.0503703846704822,,,0
0,n**(1/4),-n**(1/4),0.5,100.0,False,50,20,100,1.0,200,200,1.0,388,5,2,1186882.080858,-0.5235544715002074,,,0
1,n**(1/2),-n**(1/2),0.5,100.0,False,50,100,100,1.0,50,50,1.0,586,5,2,213196.595,-0.6043393955880357,,,0
12,1000000*n,-1000000*n,0.5,100000000.0,False,50,20,100,1.0,200,200,1.0,510,5,2,1298041.248562,-1.0349399871935434,,,0
6,n,-n,0.5,1000.0,False,50,20,100,1.0,50,50,1.0,66,5,2,139301.737887,-0.905607014658341,,,0
2,n,-n,0.5,100.0,False,50,20,100,1.0,50,200,1.0,214,5,2,579872.041444,-1.0381874287545374,,,0
5,n,-n,0.5,10.0,False,50,20,100,1.0,200,200,1.0,434,5,2,1238603.938702,-1.0431683247119488,,,0
22,n**3/0.9999,-n**3/0.0001,0.9999,100000000.0,False,50,20,100,1.0,200,200,1.0,564,5,2,1222758.53932,-0.7776376827935969,,,0
4,n**5,-n**5,0.5,100.0,False,50,100,100,1.0,50,50,1.0,612,5,2,218364.919819,-3.3243503149967095,,,0
3,n**2,-n**2,0.5,100.0,False,50,20,100,1.0,50,50,1.0,32,5,2,135364.920044,-1.5107030773881205,,,0
12,1000000*n,-1000000*n,0.5,100000000.0,False,50,100,100,1.0,50,50,1.0,700,5,2,221715.066098,-0.902990782020394,,,0
6,n,-n,0.5,1000.0,False,50,20,100,1.0,50,200,1.0,256,5,2,594378.81821,-1.0100088143869974,,,0
1,n**(1/2),-n**(1/2),0.5,100.0,False,50,20,100,1.0,200,200,1.0,396,5,2,1166700.376523,-0.7032035680889114,,,0
0,n**(1/4),-n**(1/4),0.5,100.0,False,50,100,100,1.0,50,50,1.0,578,5,2,219039.997156,-0.45337361994851727,,,0
7,n,-n,0.5,10000.0,False,50,20,100,1.0,50,50,1.0,78,5,2,144036.495442,-0.9057788070466977,,,0
20,n**3/0.999,-n**3/0.001,0.999,100000000.0,False,50,20,100,1.0,50,50,1.0,178,5,2,163083.914232,-0.8697230796519984,,,0
11,n**3+1000000*n,-n**3-1000000*n,0.5,100000000.0,False,50,100,100,1.0,50,200,1.0,872,5,2,1291000.092878,-2.4514598223186006,,,0
10,n**2+n,-n**2+n,0.5,1000.0,False,50,100,100,1.0,200,200,1.0,1054,5,2,1727712.857309,-1.7618913860176266,,,0
18,n**3/0.99,-n**3/0.01,0.99,100000000.0,False,50,20,100,1.0,50,200,1.0,352,5,2,688199.633511,-1.8078136143884593,,,0
9,n**2+20,-n**2+20,0.5,1000.0,False,50,20,100,1.0,200,200,1.0,480,5,2,1106073.378474,-1.7551214173267342,,,0
7,n,-n,0.5,10000.0,False,50,100,100,1.0,50,200,1.0,840,5,2,1243717.159107,-1.034304963732795,,,0
20,n**3/0.999,-n**3/0.001,0.999,100000000.0,False,50,100,100,1.0,50,200,1.0,940,5,2,1228639.095997,-1.1967122210611894,,,0
14,n**3/0.5,n**3/0.5,0.5,100000000.0,False,50,100,100,1.0,200,200,1.0,1096,5,2,1875665.816694,-2.4703712698808666,,,0
